entity:sample_id	left_fq	right_fq	sample_type
SRR1609136	gs://fc-5090f4da-3f84-4152-b6fe-292217c3ca76/DATA/SRR1609136_1.fastq.gz	gs://fc-5090f4da-3f84-4152-b6fe-292217c3ca76/DATA/SRR1609136_2.fastq.gz	WGS
SRR1609137	gs://fc-5090f4da-3f84-4152-b6fe-292217c3ca76/DATA/SRR1609137_1.fastq.gz	gs://fc-5090f4da-3f84-4152-b6fe-292217c3ca76/DATA/SRR1609137_2.fastq.gz	WGS
SRR1609138	gs://fc-5090f4da-3f84-4152-b6fe-292217c3ca76/DATA/SRR1609138_1.fastq.gz	gs://fc-5090f4da-3f84-4152-b6fe-292217c3ca76/DATA/SRR1609138_2.fastq.gz	WGS
SRR1609139	gs://fc-5090f4da-3f84-4152-b6fe-292217c3ca76/DATA/SRR1609139_1.fastq.gz	gs://fc-5090f4da-3f84-4152-b6fe-292217c3ca76/DATA/SRR1609139_2.fastq.gz	WGS
SRR1609140	gs://fc-5090f4da-3f84-4152-b6fe-292217c3ca76/DATA/SRR1609140_1.fastq.gz	gs://fc-5090f4da-3f84-4152-b6fe-292217c3ca76/DATA/SRR1609140_2.fastq.gz	WGS
SRR1609141	gs://fc-5090f4da-3f84-4152-b6fe-292217c3ca76/DATA/SRR1609141_1.fastq.gz	gs://fc-5090f4da-3f84-4152-b6fe-292217c3ca76/DATA/SRR1609141_2.fastq.gz	WGS
SRR1609142	gs://fc-5090f4da-3f84-4152-b6fe-292217c3ca76/DATA/SRR1609142_1.fastq.gz	gs://fc-5090f4da-3f84-4152-b6fe-292217c3ca76/DATA/SRR1609142_2.fastq.gz	WGS
SRR1609143	gs://fc-5090f4da-3f84-4152-b6fe-292217c3ca76/DATA/SRR1609143_1.fastq.gz	gs://fc-5090f4da-3f84-4152-b6fe-292217c3ca76/DATA/SRR1609143_2.fastq.gz	WGS
SRR1609144	gs://fc-5090f4da-3f84-4152-b6fe-292217c3ca76/DATA/SRR1609144_1.fastq.gz	gs://fc-5090f4da-3f84-4152-b6fe-292217c3ca76/DATA/SRR1609144_2.fastq.gz	WGS
SRR1609145	gs://fc-5090f4da-3f84-4152-b6fe-292217c3ca76/DATA/SRR1609145_1.fastq.gz	gs://fc-5090f4da-3f84-4152-b6fe-292217c3ca76/DATA/SRR1609145_2.fastq.gz	WGS
SRR1609146	gs://fc-5090f4da-3f84-4152-b6fe-292217c3ca76/DATA/SRR1609146_1.fastq.gz	gs://fc-5090f4da-3f84-4152-b6fe-292217c3ca76/DATA/SRR1609146_2.fastq.gz	WGS
SRR1609147	gs://fc-5090f4da-3f84-4152-b6fe-292217c3ca76/DATA/SRR1609147_1.fastq.gz	gs://fc-5090f4da-3f84-4152-b6fe-292217c3ca76/DATA/SRR1609147_2.fastq.gz	WGS
SRR1609148	gs://fc-5090f4da-3f84-4152-b6fe-292217c3ca76/DATA/SRR1609148_1.fastq.gz	gs://fc-5090f4da-3f84-4152-b6fe-292217c3ca76/DATA/SRR1609148_2.fastq.gz	WGS
SRR1609149	gs://fc-5090f4da-3f84-4152-b6fe-292217c3ca76/DATA/SRR1609149_1.fastq.gz	gs://fc-5090f4da-3f84-4152-b6fe-292217c3ca76/DATA/SRR1609149_2.fastq.gz	WGS
SRR1609150	gs://fc-5090f4da-3f84-4152-b6fe-292217c3ca76/DATA/SRR1609150_1.fastq.gz	gs://fc-5090f4da-3f84-4152-b6fe-292217c3ca76/DATA/SRR1609150_2.fastq.gz	WGS
SRR1609151	gs://fc-5090f4da-3f84-4152-b6fe-292217c3ca76/DATA/SRR1609151_1.fastq.gz	gs://fc-5090f4da-3f84-4152-b6fe-292217c3ca76/DATA/SRR1609151_2.fastq.gz	WGS
SRR1609905	gs://fc-5090f4da-3f84-4152-b6fe-292217c3ca76/DATA/SRR1609905_1.fastq.gz	gs://fc-5090f4da-3f84-4152-b6fe-292217c3ca76/DATA/SRR1609905_2.fastq.gz	RNASEQ
SRR1609906	gs://fc-5090f4da-3f84-4152-b6fe-292217c3ca76/DATA/SRR1609906_1.fastq.gz	gs://fc-5090f4da-3f84-4152-b6fe-292217c3ca76/DATA/SRR1609906_2.fastq.gz	RNASEQ
SRR1609907	gs://fc-5090f4da-3f84-4152-b6fe-292217c3ca76/DATA/SRR1609907_1.fastq.gz	gs://fc-5090f4da-3f84-4152-b6fe-292217c3ca76/DATA/SRR1609907_2.fastq.gz	RNASEQ
SRR1609908	gs://fc-5090f4da-3f84-4152-b6fe-292217c3ca76/DATA/SRR1609908_1.fastq.gz	gs://fc-5090f4da-3f84-4152-b6fe-292217c3ca76/DATA/SRR1609908_2.fastq.gz	RNASEQ
SRR1609909	gs://fc-5090f4da-3f84-4152-b6fe-292217c3ca76/DATA/SRR1609909_1.fastq.gz	gs://fc-5090f4da-3f84-4152-b6fe-292217c3ca76/DATA/SRR1609909_2.fastq.gz	RNASEQ
SRR1609910	gs://fc-5090f4da-3f84-4152-b6fe-292217c3ca76/DATA/SRR1609910_1.fastq.gz	gs://fc-5090f4da-3f84-4152-b6fe-292217c3ca76/DATA/SRR1609910_2.fastq.gz	RNASEQ
SRR1609911	gs://fc-5090f4da-3f84-4152-b6fe-292217c3ca76/DATA/SRR1609911_1.fastq.gz	gs://fc-5090f4da-3f84-4152-b6fe-292217c3ca76/DATA/SRR1609911_2.fastq.gz	RNASEQ
SRR1609912	gs://fc-5090f4da-3f84-4152-b6fe-292217c3ca76/DATA/SRR1609912_1.fastq.gz	gs://fc-5090f4da-3f84-4152-b6fe-292217c3ca76/DATA/SRR1609912_2.fastq.gz	RNASEQ
SRR1609913	gs://fc-5090f4da-3f84-4152-b6fe-292217c3ca76/DATA/SRR1609913_1.fastq.gz	gs://fc-5090f4da-3f84-4152-b6fe-292217c3ca76/DATA/SRR1609913_2.fastq.gz	RNASEQ
SRR1609914	gs://fc-5090f4da-3f84-4152-b6fe-292217c3ca76/DATA/SRR1609914_1.fastq.gz	gs://fc-5090f4da-3f84-4152-b6fe-292217c3ca76/DATA/SRR1609914_2.fastq.gz	RNASEQ
SRR1609915	gs://fc-5090f4da-3f84-4152-b6fe-292217c3ca76/DATA/SRR1609915_1.fastq.gz	gs://fc-5090f4da-3f84-4152-b6fe-292217c3ca76/DATA/SRR1609915_2.fastq.gz	RNASEQ
SRR1610994	gs://fc-5090f4da-3f84-4152-b6fe-292217c3ca76/DATA/SRR1610994_1.fastq.gz	gs://fc-5090f4da-3f84-4152-b6fe-292217c3ca76/DATA/SRR1610994_2.fastq.gz	HIVID
SRR1610995	gs://fc-5090f4da-3f84-4152-b6fe-292217c3ca76/DATA/SRR1610995_1.fastq.gz	gs://fc-5090f4da-3f84-4152-b6fe-292217c3ca76/DATA/SRR1610995_2.fastq.gz	HIVID
SRR1610996	gs://fc-5090f4da-3f84-4152-b6fe-292217c3ca76/DATA/SRR1610996_1.fastq.gz	gs://fc-5090f4da-3f84-4152-b6fe-292217c3ca76/DATA/SRR1610996_2.fastq.gz	HIVID
SRR1610997	gs://fc-5090f4da-3f84-4152-b6fe-292217c3ca76/DATA/SRR1610997_1.fastq.gz	gs://fc-5090f4da-3f84-4152-b6fe-292217c3ca76/DATA/SRR1610997_2.fastq.gz	HIVID
SRR1610998	gs://fc-5090f4da-3f84-4152-b6fe-292217c3ca76/DATA/SRR1610998_1.fastq.gz	gs://fc-5090f4da-3f84-4152-b6fe-292217c3ca76/DATA/SRR1610998_2.fastq.gz	HIVID
SRR1610999	gs://fc-5090f4da-3f84-4152-b6fe-292217c3ca76/DATA/SRR1610999_1.fastq.gz	gs://fc-5090f4da-3f84-4152-b6fe-292217c3ca76/DATA/SRR1610999_2.fastq.gz	HIVID
SRR1611000	gs://fc-5090f4da-3f84-4152-b6fe-292217c3ca76/DATA/SRR1611000_1.fastq.gz	gs://fc-5090f4da-3f84-4152-b6fe-292217c3ca76/DATA/SRR1611000_2.fastq.gz	HIVID
SRR1611001	gs://fc-5090f4da-3f84-4152-b6fe-292217c3ca76/DATA/SRR1611001_1.fastq.gz	gs://fc-5090f4da-3f84-4152-b6fe-292217c3ca76/DATA/SRR1611001_2.fastq.gz	HIVID
SRR1611002	gs://fc-5090f4da-3f84-4152-b6fe-292217c3ca76/DATA/SRR1611002_1.fastq.gz	gs://fc-5090f4da-3f84-4152-b6fe-292217c3ca76/DATA/SRR1611002_2.fastq.gz	HIVID
SRR1611003	gs://fc-5090f4da-3f84-4152-b6fe-292217c3ca76/DATA/SRR1611003_1.fastq.gz	gs://fc-5090f4da-3f84-4152-b6fe-292217c3ca76/DATA/SRR1611003_2.fastq.gz	HIVID
SRR1611004	gs://fc-5090f4da-3f84-4152-b6fe-292217c3ca76/DATA/SRR1611004_1.fastq.gz	gs://fc-5090f4da-3f84-4152-b6fe-292217c3ca76/DATA/SRR1611004_2.fastq.gz	HIVID
SRR1611005	gs://fc-5090f4da-3f84-4152-b6fe-292217c3ca76/DATA/SRR1611005_1.fastq.gz	gs://fc-5090f4da-3f84-4152-b6fe-292217c3ca76/DATA/SRR1611005_2.fastq.gz	HIVID
SRR1611006	gs://fc-5090f4da-3f84-4152-b6fe-292217c3ca76/DATA/SRR1611006_1.fastq.gz	gs://fc-5090f4da-3f84-4152-b6fe-292217c3ca76/DATA/SRR1611006_2.fastq.gz	HIVID
SRR1611007	gs://fc-5090f4da-3f84-4152-b6fe-292217c3ca76/DATA/SRR1611007_1.fastq.gz	gs://fc-5090f4da-3f84-4152-b6fe-292217c3ca76/DATA/SRR1611007_2.fastq.gz	HIVID
SRR1611008	gs://fc-5090f4da-3f84-4152-b6fe-292217c3ca76/DATA/SRR1611008_1.fastq.gz	gs://fc-5090f4da-3f84-4152-b6fe-292217c3ca76/DATA/SRR1611008_2.fastq.gz	HIVID
SRR1611009	gs://fc-5090f4da-3f84-4152-b6fe-292217c3ca76/DATA/SRR1611009_1.fastq.gz	gs://fc-5090f4da-3f84-4152-b6fe-292217c3ca76/DATA/SRR1611009_2.fastq.gz	HIVID
SRR1611010	gs://fc-5090f4da-3f84-4152-b6fe-292217c3ca76/DATA/SRR1611010_1.fastq.gz	gs://fc-5090f4da-3f84-4152-b6fe-292217c3ca76/DATA/SRR1611010_2.fastq.gz	HIVID
SRR1611011	gs://fc-5090f4da-3f84-4152-b6fe-292217c3ca76/DATA/SRR1611011_1.fastq.gz	gs://fc-5090f4da-3f84-4152-b6fe-292217c3ca76/DATA/SRR1611011_2.fastq.gz	HIVID
SRR1611012	gs://fc-5090f4da-3f84-4152-b6fe-292217c3ca76/DATA/SRR1611012_1.fastq.gz	gs://fc-5090f4da-3f84-4152-b6fe-292217c3ca76/DATA/SRR1611012_2.fastq.gz	HIVID
SRR1611013	gs://fc-5090f4da-3f84-4152-b6fe-292217c3ca76/DATA/SRR1611013_1.fastq.gz	gs://fc-5090f4da-3f84-4152-b6fe-292217c3ca76/DATA/SRR1611013_2.fastq.gz	HIVID
SRR1611014	gs://fc-5090f4da-3f84-4152-b6fe-292217c3ca76/DATA/SRR1611014_1.fastq.gz	gs://fc-5090f4da-3f84-4152-b6fe-292217c3ca76/DATA/SRR1611014_2.fastq.gz	HIVID
SRR1611015	gs://fc-5090f4da-3f84-4152-b6fe-292217c3ca76/DATA/SRR1611015_1.fastq.gz	gs://fc-5090f4da-3f84-4152-b6fe-292217c3ca76/DATA/SRR1611015_2.fastq.gz	HIVID
SRR1611016	gs://fc-5090f4da-3f84-4152-b6fe-292217c3ca76/DATA/SRR1611016_1.fastq.gz	gs://fc-5090f4da-3f84-4152-b6fe-292217c3ca76/DATA/SRR1611016_2.fastq.gz	HIVID
SRR1611017	gs://fc-5090f4da-3f84-4152-b6fe-292217c3ca76/DATA/SRR1611017_1.fastq.gz	gs://fc-5090f4da-3f84-4152-b6fe-292217c3ca76/DATA/SRR1611017_2.fastq.gz	HIVID
SRR1611018	gs://fc-5090f4da-3f84-4152-b6fe-292217c3ca76/DATA/SRR1611018_1.fastq.gz	gs://fc-5090f4da-3f84-4152-b6fe-292217c3ca76/DATA/SRR1611018_2.fastq.gz	HIVID
SRR1611019	gs://fc-5090f4da-3f84-4152-b6fe-292217c3ca76/DATA/SRR1611019_1.fastq.gz	gs://fc-5090f4da-3f84-4152-b6fe-292217c3ca76/DATA/SRR1611019_2.fastq.gz	HIVID
SRR1611020	gs://fc-5090f4da-3f84-4152-b6fe-292217c3ca76/DATA/SRR1611020_1.fastq.gz	gs://fc-5090f4da-3f84-4152-b6fe-292217c3ca76/DATA/SRR1611020_2.fastq.gz	HIVID
SRR1611021	gs://fc-5090f4da-3f84-4152-b6fe-292217c3ca76/DATA/SRR1611021_1.fastq.gz	gs://fc-5090f4da-3f84-4152-b6fe-292217c3ca76/DATA/SRR1611021_2.fastq.gz	HIVID
SRR1611022	gs://fc-5090f4da-3f84-4152-b6fe-292217c3ca76/DATA/SRR1611022_1.fastq.gz	gs://fc-5090f4da-3f84-4152-b6fe-292217c3ca76/DATA/SRR1611022_2.fastq.gz	HIVID
SRR1611023	gs://fc-5090f4da-3f84-4152-b6fe-292217c3ca76/DATA/SRR1611023_1.fastq.gz	gs://fc-5090f4da-3f84-4152-b6fe-292217c3ca76/DATA/SRR1611023_2.fastq.gz	HIVID
SRR1611024	gs://fc-5090f4da-3f84-4152-b6fe-292217c3ca76/DATA/SRR1611024_1.fastq.gz	gs://fc-5090f4da-3f84-4152-b6fe-292217c3ca76/DATA/SRR1611024_2.fastq.gz	HIVID
SRR1611025	gs://fc-5090f4da-3f84-4152-b6fe-292217c3ca76/DATA/SRR1611025_1.fastq.gz	gs://fc-5090f4da-3f84-4152-b6fe-292217c3ca76/DATA/SRR1611025_2.fastq.gz	HIVID
SRR1611026	gs://fc-5090f4da-3f84-4152-b6fe-292217c3ca76/DATA/SRR1611026_1.fastq.gz	gs://fc-5090f4da-3f84-4152-b6fe-292217c3ca76/DATA/SRR1611026_2.fastq.gz	HIVID
SRR1611027	gs://fc-5090f4da-3f84-4152-b6fe-292217c3ca76/DATA/SRR1611027_1.fastq.gz	gs://fc-5090f4da-3f84-4152-b6fe-292217c3ca76/DATA/SRR1611027_2.fastq.gz	HIVID
SRR1611028	gs://fc-5090f4da-3f84-4152-b6fe-292217c3ca76/DATA/SRR1611028_1.fastq.gz	gs://fc-5090f4da-3f84-4152-b6fe-292217c3ca76/DATA/SRR1611028_2.fastq.gz	HIVID
SRR1611029	gs://fc-5090f4da-3f84-4152-b6fe-292217c3ca76/DATA/SRR1611029_1.fastq.gz	gs://fc-5090f4da-3f84-4152-b6fe-292217c3ca76/DATA/SRR1611029_2.fastq.gz	HIVID
SRR1611030	gs://fc-5090f4da-3f84-4152-b6fe-292217c3ca76/DATA/SRR1611030_1.fastq.gz	gs://fc-5090f4da-3f84-4152-b6fe-292217c3ca76/DATA/SRR1611030_2.fastq.gz	HIVID
SRR1611031	gs://fc-5090f4da-3f84-4152-b6fe-292217c3ca76/DATA/SRR1611031_1.fastq.gz	gs://fc-5090f4da-3f84-4152-b6fe-292217c3ca76/DATA/SRR1611031_2.fastq.gz	HIVID
SRR1611032	gs://fc-5090f4da-3f84-4152-b6fe-292217c3ca76/DATA/SRR1611032_1.fastq.gz	gs://fc-5090f4da-3f84-4152-b6fe-292217c3ca76/DATA/SRR1611032_2.fastq.gz	HIVID
SRR1611033	gs://fc-5090f4da-3f84-4152-b6fe-292217c3ca76/DATA/SRR1611033_1.fastq.gz	gs://fc-5090f4da-3f84-4152-b6fe-292217c3ca76/DATA/SRR1611033_2.fastq.gz	HIVID
SRR1611034	gs://fc-5090f4da-3f84-4152-b6fe-292217c3ca76/DATA/SRR1611034_1.fastq.gz	gs://fc-5090f4da-3f84-4152-b6fe-292217c3ca76/DATA/SRR1611034_2.fastq.gz	HIVID
SRR1611035	gs://fc-5090f4da-3f84-4152-b6fe-292217c3ca76/DATA/SRR1611035_1.fastq.gz	gs://fc-5090f4da-3f84-4152-b6fe-292217c3ca76/DATA/SRR1611035_2.fastq.gz	HIVID
SRR1611036	gs://fc-5090f4da-3f84-4152-b6fe-292217c3ca76/DATA/SRR1611036_1.fastq.gz	gs://fc-5090f4da-3f84-4152-b6fe-292217c3ca76/DATA/SRR1611036_2.fastq.gz	HIVID
SRR1611037	gs://fc-5090f4da-3f84-4152-b6fe-292217c3ca76/DATA/SRR1611037_1.fastq.gz	gs://fc-5090f4da-3f84-4152-b6fe-292217c3ca76/DATA/SRR1611037_2.fastq.gz	HIVID
SRR1611038	gs://fc-5090f4da-3f84-4152-b6fe-292217c3ca76/DATA/SRR1611038_1.fastq.gz	gs://fc-5090f4da-3f84-4152-b6fe-292217c3ca76/DATA/SRR1611038_2.fastq.gz	HIVID
SRR1611039	gs://fc-5090f4da-3f84-4152-b6fe-292217c3ca76/DATA/SRR1611039_1.fastq.gz	gs://fc-5090f4da-3f84-4152-b6fe-292217c3ca76/DATA/SRR1611039_2.fastq.gz	HIVID
SRR1611040	gs://fc-5090f4da-3f84-4152-b6fe-292217c3ca76/DATA/SRR1611040_1.fastq.gz	gs://fc-5090f4da-3f84-4152-b6fe-292217c3ca76/DATA/SRR1611040_2.fastq.gz	HIVID
SRR1611041	gs://fc-5090f4da-3f84-4152-b6fe-292217c3ca76/DATA/SRR1611041_1.fastq.gz	gs://fc-5090f4da-3f84-4152-b6fe-292217c3ca76/DATA/SRR1611041_2.fastq.gz	HIVID
SRR1611042	gs://fc-5090f4da-3f84-4152-b6fe-292217c3ca76/DATA/SRR1611042_1.fastq.gz	gs://fc-5090f4da-3f84-4152-b6fe-292217c3ca76/DATA/SRR1611042_2.fastq.gz	HIVID
SRR1611043	gs://fc-5090f4da-3f84-4152-b6fe-292217c3ca76/DATA/SRR1611043_1.fastq.gz	gs://fc-5090f4da-3f84-4152-b6fe-292217c3ca76/DATA/SRR1611043_2.fastq.gz	HIVID
SRR1611044	gs://fc-5090f4da-3f84-4152-b6fe-292217c3ca76/DATA/SRR1611044_1.fastq.gz	gs://fc-5090f4da-3f84-4152-b6fe-292217c3ca76/DATA/SRR1611044_2.fastq.gz	HIVID
SRR1611045	gs://fc-5090f4da-3f84-4152-b6fe-292217c3ca76/DATA/SRR1611045_1.fastq.gz	gs://fc-5090f4da-3f84-4152-b6fe-292217c3ca76/DATA/SRR1611045_2.fastq.gz	HIVID
SRR1611046	gs://fc-5090f4da-3f84-4152-b6fe-292217c3ca76/DATA/SRR1611046_1.fastq.gz	gs://fc-5090f4da-3f84-4152-b6fe-292217c3ca76/DATA/SRR1611046_2.fastq.gz	HIVID
SRR1611047	gs://fc-5090f4da-3f84-4152-b6fe-292217c3ca76/DATA/SRR1611047_1.fastq.gz	gs://fc-5090f4da-3f84-4152-b6fe-292217c3ca76/DATA/SRR1611047_2.fastq.gz	HIVID
SRR1611048	gs://fc-5090f4da-3f84-4152-b6fe-292217c3ca76/DATA/SRR1611048_1.fastq.gz	gs://fc-5090f4da-3f84-4152-b6fe-292217c3ca76/DATA/SRR1611048_2.fastq.gz	HIVID
SRR1611049	gs://fc-5090f4da-3f84-4152-b6fe-292217c3ca76/DATA/SRR1611049_1.fastq.gz	gs://fc-5090f4da-3f84-4152-b6fe-292217c3ca76/DATA/SRR1611049_2.fastq.gz	HIVID
SRR1611050	gs://fc-5090f4da-3f84-4152-b6fe-292217c3ca76/DATA/SRR1611050_1.fastq.gz	gs://fc-5090f4da-3f84-4152-b6fe-292217c3ca76/DATA/SRR1611050_2.fastq.gz	HIVID
SRR1611051	gs://fc-5090f4da-3f84-4152-b6fe-292217c3ca76/DATA/SRR1611051_1.fastq.gz	gs://fc-5090f4da-3f84-4152-b6fe-292217c3ca76/DATA/SRR1611051_2.fastq.gz	HIVID
SRR1611052	gs://fc-5090f4da-3f84-4152-b6fe-292217c3ca76/DATA/SRR1611052_1.fastq.gz	gs://fc-5090f4da-3f84-4152-b6fe-292217c3ca76/DATA/SRR1611052_2.fastq.gz	HIVID
SRR1611053	gs://fc-5090f4da-3f84-4152-b6fe-292217c3ca76/DATA/SRR1611053_1.fastq.gz	gs://fc-5090f4da-3f84-4152-b6fe-292217c3ca76/DATA/SRR1611053_2.fastq.gz	HIVID
SRR1611054	gs://fc-5090f4da-3f84-4152-b6fe-292217c3ca76/DATA/SRR1611054_1.fastq.gz	gs://fc-5090f4da-3f84-4152-b6fe-292217c3ca76/DATA/SRR1611054_2.fastq.gz	HIVID
SRR1611055	gs://fc-5090f4da-3f84-4152-b6fe-292217c3ca76/DATA/SRR1611055_1.fastq.gz	gs://fc-5090f4da-3f84-4152-b6fe-292217c3ca76/DATA/SRR1611055_2.fastq.gz	HIVID
SRR1611056	gs://fc-5090f4da-3f84-4152-b6fe-292217c3ca76/DATA/SRR1611056_1.fastq.gz	gs://fc-5090f4da-3f84-4152-b6fe-292217c3ca76/DATA/SRR1611056_2.fastq.gz	HIVID
SRR1611057	gs://fc-5090f4da-3f84-4152-b6fe-292217c3ca76/DATA/SRR1611057_1.fastq.gz	gs://fc-5090f4da-3f84-4152-b6fe-292217c3ca76/DATA/SRR1611057_2.fastq.gz	HIVID
SRR1611058	gs://fc-5090f4da-3f84-4152-b6fe-292217c3ca76/DATA/SRR1611058_1.fastq.gz	gs://fc-5090f4da-3f84-4152-b6fe-292217c3ca76/DATA/SRR1611058_2.fastq.gz	HIVID
SRR1611059	gs://fc-5090f4da-3f84-4152-b6fe-292217c3ca76/DATA/SRR1611059_1.fastq.gz	gs://fc-5090f4da-3f84-4152-b6fe-292217c3ca76/DATA/SRR1611059_2.fastq.gz	HIVID
SRR1611060	gs://fc-5090f4da-3f84-4152-b6fe-292217c3ca76/DATA/SRR1611060_1.fastq.gz	gs://fc-5090f4da-3f84-4152-b6fe-292217c3ca76/DATA/SRR1611060_2.fastq.gz	HIVID
SRR1611061	gs://fc-5090f4da-3f84-4152-b6fe-292217c3ca76/DATA/SRR1611061_1.fastq.gz	gs://fc-5090f4da-3f84-4152-b6fe-292217c3ca76/DATA/SRR1611061_2.fastq.gz	HIVID
SRR1611062	gs://fc-5090f4da-3f84-4152-b6fe-292217c3ca76/DATA/SRR1611062_1.fastq.gz	gs://fc-5090f4da-3f84-4152-b6fe-292217c3ca76/DATA/SRR1611062_2.fastq.gz	HIVID
SRR1611063	gs://fc-5090f4da-3f84-4152-b6fe-292217c3ca76/DATA/SRR1611063_1.fastq.gz	gs://fc-5090f4da-3f84-4152-b6fe-292217c3ca76/DATA/SRR1611063_2.fastq.gz	HIVID
SRR1611064	gs://fc-5090f4da-3f84-4152-b6fe-292217c3ca76/DATA/SRR1611064_1.fastq.gz	gs://fc-5090f4da-3f84-4152-b6fe-292217c3ca76/DATA/SRR1611064_2.fastq.gz	HIVID
SRR1611065	gs://fc-5090f4da-3f84-4152-b6fe-292217c3ca76/DATA/SRR1611065_1.fastq.gz	gs://fc-5090f4da-3f84-4152-b6fe-292217c3ca76/DATA/SRR1611065_2.fastq.gz	HIVID
SRR1611066	gs://fc-5090f4da-3f84-4152-b6fe-292217c3ca76/DATA/SRR1611066_1.fastq.gz	gs://fc-5090f4da-3f84-4152-b6fe-292217c3ca76/DATA/SRR1611066_2.fastq.gz	HIVID
SRR1611067	gs://fc-5090f4da-3f84-4152-b6fe-292217c3ca76/DATA/SRR1611067_1.fastq.gz	gs://fc-5090f4da-3f84-4152-b6fe-292217c3ca76/DATA/SRR1611067_2.fastq.gz	HIVID
SRR1611068	gs://fc-5090f4da-3f84-4152-b6fe-292217c3ca76/DATA/SRR1611068_1.fastq.gz	gs://fc-5090f4da-3f84-4152-b6fe-292217c3ca76/DATA/SRR1611068_2.fastq.gz	HIVID
SRR1611069	gs://fc-5090f4da-3f84-4152-b6fe-292217c3ca76/DATA/SRR1611069_1.fastq.gz	gs://fc-5090f4da-3f84-4152-b6fe-292217c3ca76/DATA/SRR1611069_2.fastq.gz	HIVID
SRR1611070	gs://fc-5090f4da-3f84-4152-b6fe-292217c3ca76/DATA/SRR1611070_1.fastq.gz	gs://fc-5090f4da-3f84-4152-b6fe-292217c3ca76/DATA/SRR1611070_2.fastq.gz	HIVID
SRR1611071	gs://fc-5090f4da-3f84-4152-b6fe-292217c3ca76/DATA/SRR1611071_1.fastq.gz	gs://fc-5090f4da-3f84-4152-b6fe-292217c3ca76/DATA/SRR1611071_2.fastq.gz	HIVID
SRR1611072	gs://fc-5090f4da-3f84-4152-b6fe-292217c3ca76/DATA/SRR1611072_1.fastq.gz	gs://fc-5090f4da-3f84-4152-b6fe-292217c3ca76/DATA/SRR1611072_2.fastq.gz	HIVID
SRR1611073	gs://fc-5090f4da-3f84-4152-b6fe-292217c3ca76/DATA/SRR1611073_1.fastq.gz	gs://fc-5090f4da-3f84-4152-b6fe-292217c3ca76/DATA/SRR1611073_2.fastq.gz	HIVID
SRR1611074	gs://fc-5090f4da-3f84-4152-b6fe-292217c3ca76/DATA/SRR1611074_1.fastq.gz	gs://fc-5090f4da-3f84-4152-b6fe-292217c3ca76/DATA/SRR1611074_2.fastq.gz	HIVID
SRR1611075	gs://fc-5090f4da-3f84-4152-b6fe-292217c3ca76/DATA/SRR1611075_1.fastq.gz	gs://fc-5090f4da-3f84-4152-b6fe-292217c3ca76/DATA/SRR1611075_2.fastq.gz	HIVID
SRR1611076	gs://fc-5090f4da-3f84-4152-b6fe-292217c3ca76/DATA/SRR1611076_1.fastq.gz	gs://fc-5090f4da-3f84-4152-b6fe-292217c3ca76/DATA/SRR1611076_2.fastq.gz	HIVID
SRR1611077	gs://fc-5090f4da-3f84-4152-b6fe-292217c3ca76/DATA/SRR1611077_1.fastq.gz	gs://fc-5090f4da-3f84-4152-b6fe-292217c3ca76/DATA/SRR1611077_2.fastq.gz	HIVID
SRR1611078	gs://fc-5090f4da-3f84-4152-b6fe-292217c3ca76/DATA/SRR1611078_1.fastq.gz	gs://fc-5090f4da-3f84-4152-b6fe-292217c3ca76/DATA/SRR1611078_2.fastq.gz	HIVID
SRR1611079	gs://fc-5090f4da-3f84-4152-b6fe-292217c3ca76/DATA/SRR1611079_1.fastq.gz	gs://fc-5090f4da-3f84-4152-b6fe-292217c3ca76/DATA/SRR1611079_2.fastq.gz	HIVID
SRR1611080	gs://fc-5090f4da-3f84-4152-b6fe-292217c3ca76/DATA/SRR1611080_1.fastq.gz	gs://fc-5090f4da-3f84-4152-b6fe-292217c3ca76/DATA/SRR1611080_2.fastq.gz	HIVID
SRR1611081	gs://fc-5090f4da-3f84-4152-b6fe-292217c3ca76/DATA/SRR1611081_1.fastq.gz	gs://fc-5090f4da-3f84-4152-b6fe-292217c3ca76/DATA/SRR1611081_2.fastq.gz	HIVID
SRR1611082	gs://fc-5090f4da-3f84-4152-b6fe-292217c3ca76/DATA/SRR1611082_1.fastq.gz	gs://fc-5090f4da-3f84-4152-b6fe-292217c3ca76/DATA/SRR1611082_2.fastq.gz	HIVID
SRR1611083	gs://fc-5090f4da-3f84-4152-b6fe-292217c3ca76/DATA/SRR1611083_1.fastq.gz	gs://fc-5090f4da-3f84-4152-b6fe-292217c3ca76/DATA/SRR1611083_2.fastq.gz	HIVID
SRR1611084	gs://fc-5090f4da-3f84-4152-b6fe-292217c3ca76/DATA/SRR1611084_1.fastq.gz	gs://fc-5090f4da-3f84-4152-b6fe-292217c3ca76/DATA/SRR1611084_2.fastq.gz	HIVID
SRR1611085	gs://fc-5090f4da-3f84-4152-b6fe-292217c3ca76/DATA/SRR1611085_1.fastq.gz	gs://fc-5090f4da-3f84-4152-b6fe-292217c3ca76/DATA/SRR1611085_2.fastq.gz	HIVID
SRR1611086	gs://fc-5090f4da-3f84-4152-b6fe-292217c3ca76/DATA/SRR1611086_1.fastq.gz	gs://fc-5090f4da-3f84-4152-b6fe-292217c3ca76/DATA/SRR1611086_2.fastq.gz	HIVID
SRR1611087	gs://fc-5090f4da-3f84-4152-b6fe-292217c3ca76/DATA/SRR1611087_1.fastq.gz	gs://fc-5090f4da-3f84-4152-b6fe-292217c3ca76/DATA/SRR1611087_2.fastq.gz	HIVID
SRR1611088	gs://fc-5090f4da-3f84-4152-b6fe-292217c3ca76/DATA/SRR1611088_1.fastq.gz	gs://fc-5090f4da-3f84-4152-b6fe-292217c3ca76/DATA/SRR1611088_2.fastq.gz	HIVID
SRR1611089	gs://fc-5090f4da-3f84-4152-b6fe-292217c3ca76/DATA/SRR1611089_1.fastq.gz	gs://fc-5090f4da-3f84-4152-b6fe-292217c3ca76/DATA/SRR1611089_2.fastq.gz	HIVID
SRR1611090	gs://fc-5090f4da-3f84-4152-b6fe-292217c3ca76/DATA/SRR1611090_1.fastq.gz	gs://fc-5090f4da-3f84-4152-b6fe-292217c3ca76/DATA/SRR1611090_2.fastq.gz	HIVID
SRR1611091	gs://fc-5090f4da-3f84-4152-b6fe-292217c3ca76/DATA/SRR1611091_1.fastq.gz	gs://fc-5090f4da-3f84-4152-b6fe-292217c3ca76/DATA/SRR1611091_2.fastq.gz	HIVID
SRR1611092	gs://fc-5090f4da-3f84-4152-b6fe-292217c3ca76/DATA/SRR1611092_1.fastq.gz	gs://fc-5090f4da-3f84-4152-b6fe-292217c3ca76/DATA/SRR1611092_2.fastq.gz	HIVID
SRR1611093	gs://fc-5090f4da-3f84-4152-b6fe-292217c3ca76/DATA/SRR1611093_1.fastq.gz	gs://fc-5090f4da-3f84-4152-b6fe-292217c3ca76/DATA/SRR1611093_2.fastq.gz	HIVID
SRR1611094	gs://fc-5090f4da-3f84-4152-b6fe-292217c3ca76/DATA/SRR1611094_1.fastq.gz	gs://fc-5090f4da-3f84-4152-b6fe-292217c3ca76/DATA/SRR1611094_2.fastq.gz	HIVID
SRR1611095	gs://fc-5090f4da-3f84-4152-b6fe-292217c3ca76/DATA/SRR1611095_1.fastq.gz	gs://fc-5090f4da-3f84-4152-b6fe-292217c3ca76/DATA/SRR1611095_2.fastq.gz	HIVID
SRR1611096	gs://fc-5090f4da-3f84-4152-b6fe-292217c3ca76/DATA/SRR1611096_1.fastq.gz	gs://fc-5090f4da-3f84-4152-b6fe-292217c3ca76/DATA/SRR1611096_2.fastq.gz	HIVID
SRR1611097	gs://fc-5090f4da-3f84-4152-b6fe-292217c3ca76/DATA/SRR1611097_1.fastq.gz	gs://fc-5090f4da-3f84-4152-b6fe-292217c3ca76/DATA/SRR1611097_2.fastq.gz	HIVID
SRR1611098	gs://fc-5090f4da-3f84-4152-b6fe-292217c3ca76/DATA/SRR1611098_1.fastq.gz	gs://fc-5090f4da-3f84-4152-b6fe-292217c3ca76/DATA/SRR1611098_2.fastq.gz	HIVID
SRR1611099	gs://fc-5090f4da-3f84-4152-b6fe-292217c3ca76/DATA/SRR1611099_1.fastq.gz	gs://fc-5090f4da-3f84-4152-b6fe-292217c3ca76/DATA/SRR1611099_2.fastq.gz	HIVID
SRR1611100	gs://fc-5090f4da-3f84-4152-b6fe-292217c3ca76/DATA/SRR1611100_1.fastq.gz	gs://fc-5090f4da-3f84-4152-b6fe-292217c3ca76/DATA/SRR1611100_2.fastq.gz	HIVID
SRR1611101	gs://fc-5090f4da-3f84-4152-b6fe-292217c3ca76/DATA/SRR1611101_1.fastq.gz	gs://fc-5090f4da-3f84-4152-b6fe-292217c3ca76/DATA/SRR1611101_2.fastq.gz	HIVID
SRR1611102	gs://fc-5090f4da-3f84-4152-b6fe-292217c3ca76/DATA/SRR1611102_1.fastq.gz	gs://fc-5090f4da-3f84-4152-b6fe-292217c3ca76/DATA/SRR1611102_2.fastq.gz	HIVID
SRR1611103	gs://fc-5090f4da-3f84-4152-b6fe-292217c3ca76/DATA/SRR1611103_1.fastq.gz	gs://fc-5090f4da-3f84-4152-b6fe-292217c3ca76/DATA/SRR1611103_2.fastq.gz	HIVID
SRR1611104	gs://fc-5090f4da-3f84-4152-b6fe-292217c3ca76/DATA/SRR1611104_1.fastq.gz	gs://fc-5090f4da-3f84-4152-b6fe-292217c3ca76/DATA/SRR1611104_2.fastq.gz	HIVID
SRR1611105	gs://fc-5090f4da-3f84-4152-b6fe-292217c3ca76/DATA/SRR1611105_1.fastq.gz	gs://fc-5090f4da-3f84-4152-b6fe-292217c3ca76/DATA/SRR1611105_2.fastq.gz	HIVID
SRR1611106	gs://fc-5090f4da-3f84-4152-b6fe-292217c3ca76/DATA/SRR1611106_1.fastq.gz	gs://fc-5090f4da-3f84-4152-b6fe-292217c3ca76/DATA/SRR1611106_2.fastq.gz	HIVID
SRR1611107	gs://fc-5090f4da-3f84-4152-b6fe-292217c3ca76/DATA/SRR1611107_1.fastq.gz	gs://fc-5090f4da-3f84-4152-b6fe-292217c3ca76/DATA/SRR1611107_2.fastq.gz	HIVID
SRR1611108	gs://fc-5090f4da-3f84-4152-b6fe-292217c3ca76/DATA/SRR1611108_1.fastq.gz	gs://fc-5090f4da-3f84-4152-b6fe-292217c3ca76/DATA/SRR1611108_2.fastq.gz	HIVID
SRR1611109	gs://fc-5090f4da-3f84-4152-b6fe-292217c3ca76/DATA/SRR1611109_1.fastq.gz	gs://fc-5090f4da-3f84-4152-b6fe-292217c3ca76/DATA/SRR1611109_2.fastq.gz	HIVID
SRR1611110	gs://fc-5090f4da-3f84-4152-b6fe-292217c3ca76/DATA/SRR1611110_1.fastq.gz	gs://fc-5090f4da-3f84-4152-b6fe-292217c3ca76/DATA/SRR1611110_2.fastq.gz	HIVID
SRR1611111	gs://fc-5090f4da-3f84-4152-b6fe-292217c3ca76/DATA/SRR1611111_1.fastq.gz	gs://fc-5090f4da-3f84-4152-b6fe-292217c3ca76/DATA/SRR1611111_2.fastq.gz	HIVID
SRR1611112	gs://fc-5090f4da-3f84-4152-b6fe-292217c3ca76/DATA/SRR1611112_1.fastq.gz	gs://fc-5090f4da-3f84-4152-b6fe-292217c3ca76/DATA/SRR1611112_2.fastq.gz	HIVID
SRR1611113	gs://fc-5090f4da-3f84-4152-b6fe-292217c3ca76/DATA/SRR1611113_1.fastq.gz	gs://fc-5090f4da-3f84-4152-b6fe-292217c3ca76/DATA/SRR1611113_2.fastq.gz	HIVID
SRR1611114	gs://fc-5090f4da-3f84-4152-b6fe-292217c3ca76/DATA/SRR1611114_1.fastq.gz	gs://fc-5090f4da-3f84-4152-b6fe-292217c3ca76/DATA/SRR1611114_2.fastq.gz	HIVID
SRR1611115	gs://fc-5090f4da-3f84-4152-b6fe-292217c3ca76/DATA/SRR1611115_1.fastq.gz	gs://fc-5090f4da-3f84-4152-b6fe-292217c3ca76/DATA/SRR1611115_2.fastq.gz	HIVID
SRR1611116	gs://fc-5090f4da-3f84-4152-b6fe-292217c3ca76/DATA/SRR1611116_1.fastq.gz	gs://fc-5090f4da-3f84-4152-b6fe-292217c3ca76/DATA/SRR1611116_2.fastq.gz	HIVID
SRR1611117	gs://fc-5090f4da-3f84-4152-b6fe-292217c3ca76/DATA/SRR1611117_1.fastq.gz	gs://fc-5090f4da-3f84-4152-b6fe-292217c3ca76/DATA/SRR1611117_2.fastq.gz	HIVID
SRR1611118	gs://fc-5090f4da-3f84-4152-b6fe-292217c3ca76/DATA/SRR1611118_1.fastq.gz	gs://fc-5090f4da-3f84-4152-b6fe-292217c3ca76/DATA/SRR1611118_2.fastq.gz	HIVID
SRR1611119	gs://fc-5090f4da-3f84-4152-b6fe-292217c3ca76/DATA/SRR1611119_1.fastq.gz	gs://fc-5090f4da-3f84-4152-b6fe-292217c3ca76/DATA/SRR1611119_2.fastq.gz	HIVID
SRR1611120	gs://fc-5090f4da-3f84-4152-b6fe-292217c3ca76/DATA/SRR1611120_1.fastq.gz	gs://fc-5090f4da-3f84-4152-b6fe-292217c3ca76/DATA/SRR1611120_2.fastq.gz	HIVID
SRR1611121	gs://fc-5090f4da-3f84-4152-b6fe-292217c3ca76/DATA/SRR1611121_1.fastq.gz	gs://fc-5090f4da-3f84-4152-b6fe-292217c3ca76/DATA/SRR1611121_2.fastq.gz	HIVID
SRR1611122	gs://fc-5090f4da-3f84-4152-b6fe-292217c3ca76/DATA/SRR1611122_1.fastq.gz	gs://fc-5090f4da-3f84-4152-b6fe-292217c3ca76/DATA/SRR1611122_2.fastq.gz	HIVID
SRR1611123	gs://fc-5090f4da-3f84-4152-b6fe-292217c3ca76/DATA/SRR1611123_1.fastq.gz	gs://fc-5090f4da-3f84-4152-b6fe-292217c3ca76/DATA/SRR1611123_2.fastq.gz	HIVID
SRR1611124	gs://fc-5090f4da-3f84-4152-b6fe-292217c3ca76/DATA/SRR1611124_1.fastq.gz	gs://fc-5090f4da-3f84-4152-b6fe-292217c3ca76/DATA/SRR1611124_2.fastq.gz	HIVID
SRR1611125	gs://fc-5090f4da-3f84-4152-b6fe-292217c3ca76/DATA/SRR1611125_1.fastq.gz	gs://fc-5090f4da-3f84-4152-b6fe-292217c3ca76/DATA/SRR1611125_2.fastq.gz	HIVID
SRR1611126	gs://fc-5090f4da-3f84-4152-b6fe-292217c3ca76/DATA/SRR1611126_1.fastq.gz	gs://fc-5090f4da-3f84-4152-b6fe-292217c3ca76/DATA/SRR1611126_2.fastq.gz	HIVID
SRR1611127	gs://fc-5090f4da-3f84-4152-b6fe-292217c3ca76/DATA/SRR1611127_1.fastq.gz	gs://fc-5090f4da-3f84-4152-b6fe-292217c3ca76/DATA/SRR1611127_2.fastq.gz	HIVID
SRR1611128	gs://fc-5090f4da-3f84-4152-b6fe-292217c3ca76/DATA/SRR1611128_1.fastq.gz	gs://fc-5090f4da-3f84-4152-b6fe-292217c3ca76/DATA/SRR1611128_2.fastq.gz	HIVID
